{
    "resources": [
        {
            "name": "..\\..\\project2\\manifest.json"
        },
        {
            "name": "..\\..\\project2\\controller\\App.controller.js"
        },
        {
            "name": "..\\..\\project2\\controller\\App.controller.js.map"
        },
        {
            "name": "..\\..\\project2\\controller\\View1.controller.js"
        },
        {
            "name": "..\\..\\project2\\controller\\View1.controller.js.map"
        },
        {
            "name": "..\\..\\project2\\model\\models.js"
        },
        {
            "name": "..\\..\\project2\\model\\models.js.map"
        },
        {
            "name": "..\\..\\project2\\Component.js"
        },
        {
            "name": "..\\..\\project2\\Component.js.map"
        },
        {
            "name": "..\\..\\project2\\Component-dbg.js",
            "isDebug": true
        },
        {
            "name": "..\\..\\project2\\i18n\\i18n.properties",
            "raw": "i18n\\i18n.properties"
        },
        {
            "name": "..\\..\\project2\\controller\\App-dbg.controller.js",
            "isDebug": true
        },
        {
            "name": "..\\..\\project2\\controller\\View1-dbg.controller.js",
            "isDebug": true
        },
        {
            "name": "..\\..\\project2\\model\\models-dbg.js",
            "isDebug": true
        },
        {
            "name": "..\\..\\project2\\Component-preload.js",
            "merged": true
        },
        {
            "name": "..\\..\\project2\\Component-preload.js.map"
        },
        {
            "name": "..\\..\\project2\\view\\View1.view.xml"
        },
        {
            "name": "..\\..\\project2\\view\\App.view.xml"
        },
        {
            "name": "..\\..\\project2\\model\\models.ts"
        },
        {
            "name": "..\\..\\project2\\css\\style.css"
        },
        {
            "name": "..\\..\\project2\\controller\\View1.controller.ts"
        },
        {
            "name": "..\\..\\project2\\controller\\App.controller.ts"
        },
        {
            "name": "..\\..\\project2\\index.html"
        },
        {
            "name": "..\\..\\project2\\Component.ts"
        }
    ]
}