{
  "test/flpSandbox-dbg.js": 1694753025329,
  "test/integration/NavigationJourney.js": 1694753025332,
  "test/integration/pages/View1.js": 1694753025336,
  "test/integration/pages/App.js": 1694753025336,
  "test/integration/arrangements/Startup.js": 1694753025331,
  "test/unit/unitTests.qunit.js": 1694753025374,
  "test/unit/AllTests.js": 1694753025359,
  "test/integration/opaTests.qunit.js": 1694753025335,
  "test/unit/controller/View1.controller.js": 1694753025359,
  "test/integration/AllJourneys.js": 1694753025330,
  "test/testsuite.qunit.js": 1694753025341,
  "test/locate-reuse-libs.js": 1694753025302,
  "test/initFlpSandbox.js": 1694753025329,
  "test/flpSandbox.js": 1694753025329,
  "manifest.json": 1695058449393,
  "controller/View1.controller.js": 1695058448209,
  "controller/View1.controller.js.map": 1695058448638,
  "controller/App.controller.js": 1695058448216,
  "controller/App.controller.js.map": 1695058448638,
  "Component.js": 1695058448228,
  "Component.js.map": 1695058448641,
  "model/models.js": 1695058448237,
  "model/models.js.map": 1695058448640,
  "test/locate-reuse-libs-dbg.js": 1694753025302,
  "test/locate-reuse-libs.js.map": 1695058448656,
  "test/integration/pages/View1-dbg.js": 1694753025336,
  "test/integration/pages/View1.js.map": 1695058448630,
  "test/integration/pages/App-dbg.js": 1694753025336,
  "test/integration/pages/App.js.map": 1695058448630,
  "test/integration/arrangements/Startup-dbg.js": 1694753025331,
  "test/integration/arrangements/Startup.js.map": 1695058448631,
  "test/unit/unitTests.qunit-dbg.js": 1694753025374,
  "test/unit/unitTests.qunit.js.map": 1695058448632,
  "test/unit/AllTests-dbg.js": 1694753025359,
  "test/unit/AllTests.js.map": 1695058448631,
  "test/integration/opaTests.qunit-dbg.js": 1694753025335,
  "test/integration/opaTests.qunit.js.map": 1695058448633,
  "test/unit/controller/View1-dbg.controller.js": 1694753025359,
  "test/unit/controller/View1.controller.js.map": 1695058448634,
  "test/integration/AllJourneys-dbg.js": 1694753025330,
  "test/integration/AllJourneys.js.map": 1695058448634,
  "test/testsuite.qunit-dbg.js": 1694753025341,
  "test/testsuite.qunit.js.map": 1695058448636,
  "test/integration/NavigationJourney-dbg.js": 1694753025332,
  "test/integration/NavigationJourney.js.map": 1695058448637,
  "test/initFlpSandbox-dbg.js": 1694753025329,
  "test/initFlpSandbox.js.map": 1695058448636,
  "i18n/i18n.properties": 1694753025301,
  "test/flpSandbox.js.map": 1695058448643,
  "controller/View1-dbg.controller.js": 1695058448209,
  "controller/App-dbg.controller.js": 1695058448216,
  "Component-dbg.js": 1695058448228,
  "model/models-dbg.js": 1695058448237,
  "Component-preload.js": 1695058449381,
  "Component-preload.js.map": 1695058449381,
  "test/unit/unitTests.qunit.html": 1694753025373,
  "test/integration/opaTests.qunit.html": 1694753025333,
  "view/View1.view.xml": 1694759849484,
  "view/App.view.xml": 1694759846281,
  "test/testsuite.qunit.html": 1694753025336,
  "test/flpSandbox.html": 1694753025308,
  "model/models.ts": 1694753025308,
  "css/style.css": 1694753025310,
  "controller/View1.controller.ts": 1694753025327,
  "controller/App.controller.ts": 1694753025310,
  "index.html": 1694753025297,
  "Component.ts": 1694753025306
}