{
  "test/testsuite.qunit-dbg.js": 1694753558389,
  "test/initFlpSandbox.js": 1694753558372,
  "test/integration/pages/App.js": 1694753558372,
  "test/unit/controller/View1.controller.js": 1694753558389,
  "test/integration/arrangements/Startup.js": 1694753558372,
  "test/unit/unitTests.qunit.js": 1694753558389,
  "test/unit/AllTests.js": 1694753558389,
  "test/integration/opaTests.qunit.js": 1694753558372,
  "test/integration/NavigationJourney.js": 1694753558372,
  "test/integration/AllJourneys.js": 1694753558372,
  "test/testsuite.qunit.js": 1694753558389,
  "test/locate-reuse-libs.js": 1694753558356,
  "test/integration/pages/View1.js": 1694753558387,
  "test/flpSandbox.js": 1694753558372,
  "manifest.json": 1695058473848,
  "controller/App.controller.js": 1695058472674,
  "controller/App.controller.js.map": 1695058473101,
  "controller/View1.controller.js": 1695058472681,
  "controller/View1.controller.js.map": 1695058473102,
  "model/models.js": 1695058472692,
  "model/models.js.map": 1695058473103,
  "Component.js": 1695058472702,
  "Component.js.map": 1695058473093,
  "Component-dbg.js": 1695058472702,
  "test/integration/pages/App-dbg.js": 1694753558372,
  "test/integration/pages/App.js.map": 1695058473093,
  "test/unit/controller/View1-dbg.controller.js": 1694753558389,
  "test/unit/controller/View1.controller.js.map": 1695058473091,
  "test/integration/arrangements/Startup-dbg.js": 1694753558372,
  "test/integration/arrangements/Startup.js.map": 1695058473094,
  "test/unit/unitTests.qunit-dbg.js": 1694753558389,
  "test/unit/unitTests.qunit.js.map": 1695058473094,
  "test/unit/AllTests-dbg.js": 1694753558389,
  "test/unit/AllTests.js.map": 1695058473094,
  "test/integration/opaTests.qunit-dbg.js": 1694753558372,
  "test/integration/opaTests.qunit.js.map": 1695058473095,
  "test/integration/NavigationJourney-dbg.js": 1694753558372,
  "test/integration/NavigationJourney.js.map": 1695058473096,
  "test/integration/AllJourneys-dbg.js": 1694753558372,
  "test/integration/AllJourneys.js.map": 1695058473096,
  "i18n/i18n.properties": 1694753558356,
  "test/testsuite.qunit.js.map": 1695058473099,
  "test/locate-reuse-libs-dbg.js": 1694753558356,
  "test/locate-reuse-libs.js.map": 1695058473116,
  "test/integration/pages/View1-dbg.js": 1694753558387,
  "test/integration/pages/View1.js.map": 1695058473100,
  "test/flpSandbox-dbg.js": 1694753558372,
  "test/flpSandbox.js.map": 1695058473102,
  "controller/App-dbg.controller.js": 1695058472674,
  "controller/View1-dbg.controller.js": 1695058472681,
  "model/models-dbg.js": 1695058472692,
  "test/initFlpSandbox-dbg.js": 1694753558372,
  "test/initFlpSandbox.js.map": 1695058473105,
  "Component-preload.js": 1695058473835,
  "Component-preload.js.map": 1695058473835,
  "test/unit/unitTests.qunit.html": 1694753558389,
  "test/integration/opaTests.qunit.html": 1694753558372,
  "view/View1.view.xml": 1694759877632,
  "view/App.view.xml": 1694753558356,
  "test/testsuite.qunit.html": 1694753558388,
  "test/flpSandbox.html": 1694753558356,
  "model/models.ts": 1694753558356,
  "controller/View1.controller.ts": 1694753558371,
  "controller/App.controller.ts": 1694753558356,
  "css/style.css": 1694753558356,
  "index.html": 1694753558339,
  "Component.ts": 1694753558356
}